"Encargad@","Número interno del taxón
""internal_taxon_id""","REINO","PHYLLUM","CLASE","ORDEN","FAMILIA","GÉNERO","ESPECIE","AUTOR","NOMBRE CIENTÍFICO sin autor","REFERENCIA DEL TIPO","LISTA DE SINÓNIMOS con autor","GÉNERO DE SINÓNIMOS","EPÍTETO DE SINONIMOS","AUTORES DE SINÓNIMOS","NOMBRE COMÚN PRINCIPAL","CÓDIGO SIS LENGUAJE DEL NOMBRE COMÚN PRINCIPAL","REPORTE DE NOMBRE COMÚN PRINCIPAL SIS","CÓDIGO SIS USOS","REPORTE DE NO USO SIS","DESCRIPCIÓN DE USOS Y COMERCIO","REPORTE USO INDIRECTO SIS","CÓDIGOS SIS HÁBITO","CÓDIGO SIS HABITO TEXTO","DESCRIPCIÓN MORFOLÓGICA","CÓDIGO SIS PAÍS","CÓDIGO SIS PAÍS TEXTO","CÓDIGO SIS ORIGEN","CÓDIGO SIS PRESENCIA","LÍMITE INFERIOR RANGO ALTITUDINAL","LÍMITE SUPERIOR RANGO ALTITUDINAL","CÓDIGO SIS REGIÓN BIOGEOGRÁFICA","DESCRIPCIÓN DISTRIBUCIÓN GEOGRÁFICA","CÓDIGO SIS MAPA","CÓDIGO SIS TERRESTRE O ACUÁTICA","CÓDIGO SIS CALIDAD DEL HÁBITAT","CÓDIGO SIS TIPO DE HÁBITAT","DESCRIPCIÓN HÁBITAT GENERAL","DESCRIPCIÓN ECOLOGÍA GENERAL","RESUMEN HABITAT Y ECOLOGÍA","TIPO
DISPERSION","OBSERVACIONES A DISPERSIÓN","DISTANCIA MÁXIMA DE DISPERSIÓN","UMBRAL PARCHE PEQUEÑO","NOMBRE CIENTÍFICO sin autor.1","EOO (S RedList)","AOO (S RedList)","EOO (km2)","AOO (km2)","# SUBPOBLACIONES","# LOCALIDADES ""locations""","% OCURRENCIAS EN AREAS PROTEGIDAS","% PARCHES PEQUEÑOS Y AISLADOS","% HUELLA HUMANA EN LA AOO","REPORTE SUBPOBLACIONES DESAPARECIDAS","CÓDIGO SIS FRAGMENTACIÓN","DESCRIPCIÓN DE FRAGMENTACIÓN SIS","CÓDIGO SIS DISMINUCIÓN CONTINUA HÁBITAT","DESCRIPCIÓN DE DISMINUCIÓN CONTINUA HÁBITAT SIS","CÓDIGO SIS FUENTE DE LA DISM. CONTINUA HÁBITAT","CÓDIGO SIS DISMINUCIÓN CONTINUA SUBPOBLACIONES","DESCRIPCIÓN DE DISMINUCIÓN CONTINUA SUBPOBLACIONES SIS","CÓDIGO SIS FUENTE DE LA DISM. CONTINUA SUBPOBLACIONES","DESCRIPCIÓN TAMAÑO POBLACIONAL Y DEMOGRAFÍA","DESCRIPCIÓN AMENAZAS","CÓDIGO SIS AMENAZAS","CÓDIGO SIS TIEMPO DE LAS AMENAZAS","CÓDIGO SIS ALCANCE DE LAS AMENAZAS","CÓDIGO SIS SEVERIDAD DE LAS AMENAZAS","CÓDIGO SIS PRESIONES RESULTADO DE AMENAZAS","REPORTE DE ""NO AMENAZAS"" SIS","REPORTE DE ""AMENAZAS DESCONOCIDAS"" SIS","CÓDIGO SIS TENDENCIA POBLACIONAL","CÓDIGO SIS FUENTE DE LA TENDENCIA POBLACIONAL","DESCRIPCIÓN ACCIONES DE CONSERVACIÓN","REPORTE DE PRESENCIA EN AREAS PROTEGIDAS","LISTADO DE AREAS PROTEGIDAS CON OCURRENCIAS","REPORTE DE CONSERVACION EXSITU","LISTADO DE COLECCIONES EXSITU CON INDIVIDUOS","CÓDIGO SIS CONSERVACIÓN REQUERIDA","CÓDIGO SIS INVESTIGACION REQUERIDA","CÓDIGO SIS CATEGORÍA LISTA ROJA","LISTA DE CRITERIOS Y SUBCRITERIOS SIS","REPORTE DE CRITERIOS ingreso manual","REPORTE DE VERSIÓN DE CRITERIOS","REPORTE RAZÓN CATEGORIA DD","REPORTE CATEGORIA EX","DESCRIPICIÓN JUSTIFICACION EVALUACIÓN DE LISTA ROJA","FECHA DE EVALUACIÓN","CÓDIGO SIS LENGUAJE DE LA EVALUACIÓN","REPORTE DE EVALUACIONES PREVIAS","JUSTIFICACIONES DE EVALUACIONES PREVIAS","REPORTE EVALUACIÓN PREVIA DE LR OFICIAL","RAZONES DE CAMBIO DE CATEGORÍA","CÓDIGO SIS TIPO DE CAMBIO DE CATEGORÍA","CÓDIGO SIS NO CAMBIO DE CATEGORÍA","CÓDIGO SIS CAMBIOS GENUINOS Y NO-GENUINOS","LISTA DE CONTRIBUYENTES: PERSONAS","LISTA DE CONTRIBUYENTES: INSTITUCIONES","LISTA DE EVALUADORES","LISTA DE REVISORES","LISTA DE EXPERTOS TAXÓNOMOS","COMENTARIOS DE LA REVISIÓN POR EXPERTOS","REFERENCIAS BIBLIOGRÁFICAS","OBSERVACIONES ADICIONALES","SUBPOBLACIONES DESAPARECIDAS"
NA,NA,"Plantae","Tracheophyta","Polypodiopsida","Polypodiales","Polypodiaceae","Serpocaulon","adnatum",NA,"Serpocaulon adnatum",NA,NA,NA,NA,NA,NA,NA,NA,NA,NA,NA,NA,NA,NA,NA,NA,NA,NA,NA,NA,NA,NA,NA,NA,NA,NA,NA,NA,NA,NA,NA,NA,NA,NA,NA,NA,NA,216517,336,56,65,33.1,69,21,"NO","YES","El 69% de parches de hábitat donde se encuentra la especie son pequeños y aislados. Estos parches se encuentran en el/los municipio(s) de San Agustín (departamento de Huila), San Miguel de Mocoa (departamento de Putumayo), Santiago de Cali (departamento de Valle del Cauca), Cubará (departamento de Boyacá), La Vega (departamento de Cundinamarca), Silvania (departamento de Cundinamarca), Briceño (departamento de Boyacá), El Cairo (departamento de Valle del Cauca), Barbacoas (departamento de Nariño), Santa Isabel (departamento de Tolima), Pitalito (departamento de Huila), Argelia (departamento de Valle del Cauca), Tuluá (departamento de Valle del Cauca), Manizales (departamento de Caldas), Córdoba (departamento de Quindío), San Vicente del Caguán (departamento de Caquetá), Albán (departamento de Cundinamarca), Floridablanca (departamento de Santander), Neira (departamento de Caldas), La Argentina (departamento de Huila), El Tambo (departamento de Cauca), Isnos (departamento de Huila), Villamaría (departamento de Caldas), Filandia (departamento de Quindío), Ibagué (departamento de Tolima), Pereira (departamento de Risaralda), Santuario (departamento de Risaralda), Sipí (departamento de Chocó), La Mesa (departamento de Cundinamarca), La Ceja (departamento de Antioquia), Florencia (departamento de Caquetá), Medellín (departamento de Antioquia), San Francisco (departamento de Putumayo), Totoró (departamento de Cauca), Rionegro (departamento de Antioquia), Pácora (departamento de Caldas), Caldas (departamento de Antioquia), Guarné (departamento de Antioquia), Chinchiná (departamento de Caldas), La Unión (departamento de Antioquia), Jardín (departamento de Antioquia), Salgar (departamento de Antioquia), Ricaurte (departamento de Nariño), Colombia (departamento de Huila), Popayán (departamento de Cauca), Mistrató (departamento de Risaralda), Yarumal (departamento de Antioquia), Rivera (departamento de Huila), Copacabana (departamento de Antioquia), Salento (departamento de Quindío), Santa Rosa de Osos (departamento de Antioquia), Liborina (departamento de Antioquia), El Sopetrán (departamento de Antioquia), Bolívar (departamento de Cauca), Murillo (departamento de Tolima), Santa Rosa (departamento de Cauca), Fredonia (departamento de Antioquia), Riosucio (departamento de Caldas), Pensilvania (departamento de Caldas), Risaralda (departamento de Caldas).","NO",NA,"Inferred","NO",NA,"Inferred","La especie tiene registradas hasta el momento 56 subpoblaciones. No se conoce nada sobre la abundancia o tendencia poblacional de la especie.","Se conocen 56 subpoblaciones. Del total conocido, 12 de 56 subpoblaciones (21.4%) presentan expansión urbana; 20 de 56 subpoblaciones (35.7%) presentan actividades agrícolas; 18 de 56 subpoblaciones (32.1%) presentan actividades ganaderas; 2 de 56 subpoblaciones (3.6%) coinciden con áreas de exploración y explotación de hidrocarburos; 2 de 56 subpoblaciones (3.6%) coinciden con títulos mineros activos; 23 de 56 subpoblaciones (41.1%) presentan influencia de infraestructura vial. Estas actividades generan pérdida, degradación y fragmentación del hábitat, reduciendo la calidad del ambiente disponible para la especie en diferentes sectores de su distribución conocida.","1.1, 2.1.4, 2.3.4, 3.1, 3.2, 4.1","Ongoing, Ongoing, Ongoing, Ongoing, Ongoing, Ongoing","Minority (<50%), Minority (<50%), Minority (<50%), Minority (<50%), Minority (<50%), Minority (<50%)","Very rapid declines, Very rapid declines, Very rapid declines, Very rapid declines, Very rapid declines, Very rapid declines","1.1 | 1.2 | 2.1 | 2.2 // 1.1 | 1.2 | 2.1 | 2.2 // 1.1 | 1.2 | 2.1 | 2.2 // 1.1 | 1.2 | 2.1 | 2.2 // 1.1 | 1.2 | 2.1 | 2.2 // 1.1 | 1.2 | 2.1 | 2.2",TRUE,FALSE,"Stable","Inferred",NA,"YES","Barbas Bremen; Cordillera de los Picachos; Cuchilla Jardin Tamesis; Cuenca Hidrografica del Rìo Carare-Minero; Cuenca Hidrográfica del Río La Vieja con POMCA; Cuenca Hidrográfica del Río Negro con POMCA; Cuenca Hidrográfica del Río Recio y Río Venadillo con plan de ordenación y manejo; Cuenca Hidrográfica del Río San Jorge; Cuenca hidrográfica del río Suaza con Plan de Ordenación y Manejo de la Cuenca Hidrográfica; Cuenca Hidrográfica Directos Río Cauca- Río Amagá- Quebrada Sinifaná- NSS; Cuenca Hidrográfica Río Grande y Chico, con Plan de Ordenación y Manejo; De la Cuenca Alta del Río  Quindío de Salento; La Planada; Otún Quimbaya; Planes de San Rafael; Río Nare; Serranía de Los Paraguas; Serranía de Peñas Blancas","Unknown","N/A","N/A","N/A",NA,NA,NA,NA,NA,NA,NA,NA,NA,NA,NA,NA,NA,NA,NA,NA,NA,NA,NA,NA,NA,NA,NA,NA,NA
NA,NA,"Plantae","Tracheophyta","Polypodiopsida","Polypodiales","Polypodiaceae","Serpocaulon","antioquianum",NA,"Serpocaulon antioquianum",NA,NA,NA,NA,NA,NA,NA,NA,NA,NA,NA,NA,NA,NA,NA,NA,NA,NA,NA,NA,NA,NA,NA,NA,NA,NA,NA,NA,NA,NA,NA,NA,NA,NA,NA,NA,NA,2182.1,32,9,4,58.3,67,36,"NO","YES","El 67% de parches de hábitat donde se encuentra la especie son pequeños y aislados. Estos parches se encuentran en el/los municipio(s) de Anorí (departamento de Antioquia), San Luís (departamento de Antioquia), San Francisco (departamento de Antioquia), Samaná (departamento de Caldas).","YES","Ocho subpoblaciones de la especie se encuentran en paisajes con destrucción y degradación de su hábitat. Estas subpoblaciones se encuentran en el/los municipio(s) de Anorí (departamento de Antioquia), San Luís (departamento de Antioquia), San Francisco (departamento de Antioquia), Samaná (departamento de Caldas).","Inferred","NO",NA,"Inferred","La especie tiene registradas hasta el momento nueve subpoblaciones. No se conoce nada sobre la abundancia o tendencia poblacional de la especie.","Se conocen 5 subpoblaciones. Del total conocido, 2 de 5 subpoblaciones (40%) presentan actividades agrícolas; 1 de 5 subpoblaciones (20%) presentan actividades ganaderas; 4 de 5 subpoblaciones (80%) presentan influencia de infraestructura vial. Estas actividades generan pérdida, degradación y fragmentación del hábitat, reduciendo la calidad del ambiente disponible para la especie en diferentes sectores de su distribución conocida.","2.1.4, 2.3.4, 4.1","Ongoing, Ongoing, Ongoing","Minority (<50%), Minority (<50%), Majority (50-90%)","Very rapid declines, Very rapid declines, Very rapid declines","1.1 | 1.2 | 2.1 | 2.2 // 1.1 | 1.2 | 2.1 | 2.2 // 1.1 | 1.2 | 2.1 | 2.2",FALSE,FALSE,"Decreasing","Inferred",NA,"YES","Bajo Cauca Nechí; Bosques, Mármoles y Pantágoras; Cuenca Hidrográfica de Río Samaná Norte","Unknown","N/A","N/A","N/A",NA,NA,NA,NA,NA,NA,NA,NA,NA,NA,NA,NA,NA,NA,NA,NA,NA,NA,NA,NA,NA,NA,NA,NA,NA
NA,NA,"Plantae","Tracheophyta","Polypodiopsida","Polypodiales","Polypodiaceae","Serpocaulon","articulatum",NA,"Serpocaulon articulatum",NA,NA,NA,NA,NA,NA,NA,NA,NA,NA,NA,NA,NA,NA,NA,NA,NA,NA,NA,NA,NA,NA,NA,NA,NA,NA,NA,NA,NA,NA,NA,NA,NA,NA,NA,NA,NA,364520,56,14,14,26.7,58,13,"NO","YES","El 58% de parches de hábitat donde se encuentra la especie son pequeños y aislados. Estos parches se encuentran en el/los municipio(s) de Solano (departamento de Caquetá), Santa Marta (departamento de Magdalena), Cubará (departamento de Boyacá), Sasaima (departamento de Cundinamarca), Buenaventura (departamento de Valle del Cauca), Acevedo (departamento de Huila), Medina (departamento de Cundinamarca), Dagua (departamento de Valle del Cauca), Frontino (departamento de Antioquia), Piamonte (departamento de Cauca), San José del Palmar (departamento de Chocó), Bahía Solano (departamento de Chocó), La Uribe (departamento de Meta), Florencia (departamento de Caquetá).","NO",NA,"Inferred","NO",NA,"Inferred","La especie tiene registradas hasta el momento 14 subpoblaciones. No se conoce nada sobre la abundancia o tendencia poblacional de la especie.","Se conocen 14 subpoblaciones. Del total conocido, 1 de 14 subpoblaciones (7.1%) presentan expansión urbana; 4 de 14 subpoblaciones (28.6%) presentan actividades agrícolas; 2 de 14 subpoblaciones (14.3%) presentan actividades ganaderas; 2 de 14 subpoblaciones (14.3%) coinciden con áreas de exploración y explotación de hidrocarburos; 2 de 14 subpoblaciones (14.3%) presentan influencia de infraestructura vial. Estas actividades generan pérdida, degradación y fragmentación del hábitat, reduciendo la calidad del ambiente disponible para la especie en diferentes sectores de su distribución conocida.","1.1, 2.1.4, 2.3.4, 3.1, 4.1","Ongoing, Ongoing, Ongoing, Ongoing, Ongoing","Minority (<50%), Minority (<50%), Minority (<50%), Minority (<50%), Minority (<50%)","Very rapid declines, Very rapid declines, Very rapid declines, Very rapid declines, Very rapid declines","1.1 | 1.2 | 2.1 | 2.2 // 1.1 | 1.2 | 2.1 | 2.2 // 1.1 | 1.2 | 2.1 | 2.2 // 1.1 | 1.2 | 2.1 | 2.2 // 1.1 | 1.2 | 2.1 | 2.2",TRUE,FALSE,"Stable","Inferred",NA,"YES","Carauta; Cuenca hidrográfica del río Suaza con Plan de Ordenación y Manejo de la Cuenca Hidrográfica; Río Anchicayá; Serranía de los Churumbelos  - Auka Wasi","Unknown","N/A","N/A","N/A",NA,NA,NA,NA,NA,NA,NA,NA,NA,NA,NA,NA,NA,NA,NA,NA,NA,NA,NA,NA,NA,NA,NA,NA,NA
NA,NA,"Plantae","Tracheophyta","Polypodiopsida","Polypodiales","Polypodiaceae","Serpocaulon","attenuatum",NA,"Serpocaulon attenuatum",NA,NA,NA,NA,NA,NA,NA,NA,NA,NA,NA,NA,NA,NA,NA,NA,NA,NA,NA,NA,NA,NA,NA,NA,NA,NA,NA,NA,NA,NA,NA,NA,NA,NA,NA,NA,NA,11017.1,20,5,4,62.5,87,19,"NO","YES","El 87% de parches de hábitat donde se encuentra la especie son pequeños y aislados. Estos parches se encuentran en el/los municipio(s) de La Macarena (departamento de Meta), San José del Guaviare (departamento de Guaviare), Puerto López (departamento de Meta).","NO",NA,"Inferred","NO",NA,"Inferred","La especie tiene registradas hasta el momento cinco subpoblaciones. No se conoce nada sobre la abundancia o tendencia poblacional de la especie.","Se conocen 5 subpoblaciones. Del total conocido, 2 de 5 subpoblaciones (40%) presentan actividades ganaderas; 1 de 5 subpoblaciones (20%) coinciden con áreas de exploración y explotación de hidrocarburos. Estas actividades generan pérdida, degradación y fragmentación del hábitat, reduciendo la calidad del ambiente disponible para la especie en diferentes sectores de su distribución conocida.","2.3.4, 3.1","Ongoing, Ongoing","Minority (<50%), Minority (<50%)","Very rapid declines, Very rapid declines","1.1 | 1.2 | 2.1 | 2.2 // 1.1 | 1.2 | 2.1 | 2.2",TRUE,FALSE,"Stable","Inferred",NA,"YES","Serranía El Capricho, Mirolindo y Cerritos; Serranía La Lindosa - Angosturas II; Sierra de la Macarena","Unknown","N/A","N/A","N/A",NA,NA,NA,NA,NA,NA,NA,NA,NA,NA,NA,NA,NA,NA,NA,NA,NA,NA,NA,NA,NA,NA,NA,NA,NA
NA,NA,"Plantae","Tracheophyta","Polypodiopsida","Polypodiales","Polypodiaceae","Serpocaulon","biauriculatum",NA,"Serpocaulon biauriculatum",NA,NA,NA,NA,NA,NA,NA,NA,NA,NA,NA,NA,NA,NA,NA,NA,NA,NA,NA,NA,NA,NA,NA,NA,NA,NA,NA,NA,NA,NA,NA,NA,NA,NA,NA,NA,NA,19.9,12,3,2,100,50,21,"NO","NO",NA,"NO",NA,"Inferred","NO",NA,"Inferred","La especie tiene registradas hasta el momento tres subpoblaciones. No se conoce nada sobre la abundancia o tendencia poblacional de la especie.","Se conocen 2 subpoblaciones. Del total conocido, 1 de 2 subpoblaciones (50%) presentan actividades agrícolas. Estas actividades generan pérdida, degradación y fragmentación del hábitat, reduciendo la calidad del ambiente disponible para la especie en diferentes sectores de su distribución conocida.","2.1.4","Ongoing","Majority (50-90%)","Very rapid declines","1.1 | 1.2 | 2.1 | 2.2",TRUE,FALSE,"Stable","Inferred",NA,"YES","Serranía de los Yariguíes","Unknown","N/A","N/A","N/A",NA,NA,NA,NA,NA,NA,NA,NA,NA,NA,NA,NA,NA,NA,NA,NA,NA,NA,NA,NA,NA,NA,NA,NA,NA
NA,NA,"Plantae","Tracheophyta","Polypodiopsida","Polypodiales","Polypodiaceae","Serpocaulon","concolorum",NA,"Serpocaulon concolorum",NA,NA,NA,NA,NA,NA,NA,NA,NA,NA,NA,NA,NA,NA,NA,NA,NA,NA,NA,NA,NA,NA,NA,NA,NA,NA,NA,NA,NA,NA,NA,NA,NA,NA,NA,NA,NA,52337,20,5,5,42.9,64,21,"NO","YES","El 64% de parches de hábitat donde se encuentra la especie son pequeños y aislados. Estos parches se encuentran en el/los municipio(s) de Ipiales (departamento de Nariño), Sipí (departamento de Chocó), Ricaurte (departamento de Nariño), Florencia (departamento de Caquetá).","NO",NA,"Inferred","NO",NA,"Inferred","La especie tiene registradas hasta el momento cinco subpoblaciones. No se conoce nada sobre la abundancia o tendencia poblacional de la especie.","Se conocen 5 subpoblaciones. Del total conocido, 1 de 5 subpoblaciones (20%) presentan actividades agrícolas; 1 de 5 subpoblaciones (20%) presentan influencia de infraestructura vial. Estas actividades generan pérdida, degradación y fragmentación del hábitat, reduciendo la calidad del ambiente disponible para la especie en diferentes sectores de su distribución conocida.","2.1.4, 4.1","Ongoing, Ongoing","Minority (<50%), Minority (<50%)","Very rapid declines, Very rapid declines","1.1 | 1.2 | 2.1 | 2.2 // 1.1 | 1.2 | 2.1 | 2.2",TRUE,FALSE,"Stable","Inferred",NA,"YES","Cuenca hidrográfica del río Suaza con Plan de Ordenación y Manejo de la Cuenca Hidrográfica; La Planada","Unknown","N/A","N/A","N/A",NA,NA,NA,NA,NA,NA,NA,NA,NA,NA,NA,NA,NA,NA,NA,NA,NA,NA,NA,NA,NA,NA,NA,NA,NA
NA,NA,"Plantae","Tracheophyta","Polypodiopsida","Polypodiales","Polypodiaceae","Serpocaulon","dissimile",NA,"Serpocaulon dissimile",NA,NA,NA,NA,NA,NA,NA,NA,NA,NA,NA,NA,NA,NA,NA,NA,NA,NA,NA,NA,NA,NA,NA,NA,NA,NA,NA,NA,NA,NA,NA,NA,NA,NA,NA,NA,NA,164922,72,17,17,16.7,70,15,"NO","YES","El 70% de parches de hábitat donde se encuentra la especie son pequeños y aislados. Estos parches se encuentran en el/los municipio(s) de Don Matías (departamento de Antioquia), Cocorná (departamento de Antioquia), Frontino (departamento de Antioquia), Norcasia (departamento de Caldas), Risaralda (departamento de Caldas), Santa Rosa (departamento de Cauca), El Tambo (departamento de Cauca), San José del Palmar (departamento de Chocó), Buenaventura (departamento de Valle del Cauca), Sasaima (departamento de Cundinamarca), Ubalá (departamento de Cundinamarca), Pitalito (departamento de Huila), Acevedo (departamento de Huila), Colombia (departamento de Huila), Ricaurte (departamento de Nariño), Salento (departamento de Quindío).","NO",NA,"Inferred","NO",NA,"Inferred","La especie tiene registradas hasta el momento 17 subpoblaciones. No se conoce nada sobre la abundancia o tendencia poblacional de la especie.","Se conocen 17 subpoblaciones. Del total conocido, 2 de 17 subpoblaciones (11.8%) presentan expansión urbana; 7 de 17 subpoblaciones (41.2%) presentan actividades agrícolas; 1 de 17 subpoblaciones (5.9%) presentan actividades ganaderas; 2 de 17 subpoblaciones (11.8%) coinciden con áreas de exploración y explotación de hidrocarburos; 5 de 17 subpoblaciones (29.4%) presentan influencia de infraestructura vial. Estas actividades generan pérdida, degradación y fragmentación del hábitat, reduciendo la calidad del ambiente disponible para la especie en diferentes sectores de su distribución conocida.","1.1, 2.1.4, 2.3.4, 3.1, 4.1","Ongoing, Ongoing, Ongoing, Ongoing, Ongoing","Minority (<50%), Minority (<50%), Minority (<50%), Minority (<50%), Minority (<50%)","Very rapid declines, Very rapid declines, Very rapid declines, Very rapid declines, Very rapid declines","1.1 | 1.2 | 2.1 | 2.2 // 1.1 | 1.2 | 2.1 | 2.2 // 1.1 | 1.2 | 2.1 | 2.2 // 1.1 | 1.2 | 2.1 | 2.2 // 1.1 | 1.2 | 2.1 | 2.2",TRUE,FALSE,"Stable","Inferred",NA,"YES","Cuenca Hidrográfica de Río Samaná Norte; De la Cuenca Alta del Río  Quindío de Salento; Las Orquídeas","Unknown","N/A","N/A","N/A",NA,NA,NA,NA,NA,NA,NA,NA,NA,NA,NA,NA,NA,NA,NA,NA,NA,NA,NA,NA,NA,NA,NA,NA,NA
NA,NA,"Plantae","Tracheophyta","Polypodiopsida","Polypodiales","Polypodiaceae","Serpocaulon","eleutherophlebium",NA,"Serpocaulon eleutherophlebium",NA,NA,NA,NA,NA,NA,NA,NA,NA,NA,NA,NA,NA,NA,NA,NA,NA,NA,NA,NA,NA,NA,NA,NA,NA,NA,NA,NA,NA,NA,NA,NA,NA,NA,NA,NA,NA,178347,184,28,35,45.6,64,26,"NO","YES","El 64% de parches de hábitat donde se encuentra la especie son pequeños y aislados. Estos parches se encuentran en el/los municipio(s) de Urrao (departamento de Antioquia), Belmira (departamento de Antioquia), San José de la Montaña (departamento de Antioquia), Villamaría (departamento de Caldas), Manizales (departamento de Caldas), Salamina (departamento de Caldas), Puracé (departamento de Cauca), San Sebastián (departamento de Cauca), Páez (departamento de Cauca), Totoró (departamento de Cauca), Popayán (departamento de Cauca), Bolívar (departamento de Cauca), Tausa (departamento de Cundinamarca), Guasca (departamento de Cundinamarca), Fómeque (departamento de Cundinamarca), Choachí (departamento de Cundinamarca), Bogotá D.C. (departamento de Bogotá D.C.), San Agustín (departamento de Huila), San Juan de Pasto (departamento de Nariño), Samaniego (departamento de Nariño), Toledo (departamento de Norte de Santander), Santiago (departamento de Putumayo), Salento (departamento de Quindío), Santa Rosa de Cabal (departamento de Risaralda), Apía (departamento de Risaralda), Santuario (departamento de Risaralda), Onzaga (departamento de Santander), Santa Isabel (departamento de Tolima), Murillo (departamento de Tolima), Ibagué (departamento de Tolima), Cajamarca (departamento de Tolima).","NO",NA,"Inferred","NO",NA,"Inferred","La especie tiene registradas hasta el momento 28 subpoblaciones. No se conoce nada sobre la abundancia o tendencia poblacional de la especie.","Se conocen 28 subpoblaciones. Del total conocido, 3 de 28 subpoblaciones (10.7%) presentan expansión urbana; 12 de 28 subpoblaciones (42.9%) presentan actividades agrícolas; 7 de 28 subpoblaciones (25%) presentan actividades ganaderas; 1 de 28 subpoblaciones (3.6%) coinciden con títulos mineros activos; 9 de 28 subpoblaciones (32.1%) presentan influencia de infraestructura vial. Estas actividades generan pérdida, degradación y fragmentación del hábitat, reduciendo la calidad del ambiente disponible para la especie en diferentes sectores de su distribución conocida.","1.1, 2.1.4, 2.3.4, 3.2, 4.1","Ongoing, Ongoing, Ongoing, Ongoing, Ongoing","Minority (<50%), Minority (<50%), Minority (<50%), Minority (<50%), Minority (<50%)","Very rapid declines, Very rapid declines, Very rapid declines, Very rapid declines, Very rapid declines","1.1 | 1.2 | 2.1 | 2.2 // 1.1 | 1.2 | 2.1 | 2.2 // 1.1 | 1.2 | 2.1 | 2.2 // 1.1 | 1.2 | 2.1 | 2.2 // 1.1 | 1.2 | 2.1 | 2.2",TRUE,FALSE,"Stable","Inferred",NA,"YES","Bosque Oriental de Bogotá; Cuenca Hidrográfica del Río Recio y Río Venadillo con plan de ordenación y manejo; Cuenca Hidrográfica del Río San Jorge; Cuenca Hidrográfica Río Juanambú; De la Cuenca Alta del Río  Quindío de Salento; De Urrao; Las Cuencas Hidrográficas del Río Blanco y Quebrada Olivares; Los Bosques de la Chec; Páramo de Guargua y Laguna Verde; Páramo Grande; Puracé; Sistema de Paramos y Bosques Altoandinos del Noroccidente Medio Antioqueño; Sumapaz; Tatamá; Torre Cuatro","Unknown","N/A","N/A","N/A",NA,NA,NA,NA,NA,NA,NA,NA,NA,NA,NA,NA,NA,NA,NA,NA,NA,NA,NA,NA,NA,NA,NA,NA,NA
NA,NA,"Plantae","Tracheophyta","Polypodiopsida","Polypodiales","Polypodiaceae","Serpocaulon","fraxinifolium",NA,"Serpocaulon fraxinifolium",NA,NA,NA,NA,NA,NA,NA,NA,NA,NA,NA,NA,NA,NA,NA,NA,NA,NA,NA,NA,NA,NA,NA,NA,NA,NA,NA,NA,NA,NA,NA,NA,NA,NA,NA,NA,NA,319959,444,75,90,53.4,68,20,"NO","YES","El 68% de parches de hábitat donde se encuentra la especie son pequeños y aislados. Estos parches se encuentran en el/los municipio(s) de Medellín (departamento de Antioquia), Copacabana (departamento de Antioquia), Nariño (departamento de Antioquia), Guatapé (departamento de Antioquia), Guarné (departamento de Antioquia), Caldas (departamento de Antioquia), Bello (departamento de Antioquia), Frontino (departamento de Antioquia), El Carmen de Viboral (departamento de Antioquia), Sonsón (departamento de Antioquia), Riosucio (departamento de Caldas), Jardín (departamento de Antioquia), Entrerríos (departamento de Antioquia), Campamento (departamento de Antioquia), San Francisco (departamento de Antioquia), Envigado (departamento de Antioquia), Abejorral (departamento de Antioquia), Belmira (departamento de Antioquia), San José de la Montaña (departamento de Antioquia), Liborina (departamento de Antioquia), Fredonia (departamento de Antioquia), Anorí (departamento de Antioquia), Andes (departamento de Antioquia), Angelópolis (departamento de Antioquia), Villa de Leyva (departamento de Boyacá), Pensilvania (departamento de Caldas), Samaná (departamento de Caldas), Manizales (departamento de Caldas), Villamaría (departamento de Caldas), Risaralda (departamento de Caldas), Salamina (departamento de Caldas), El Tambo (departamento de Cauca), Caldonó (departamento de Cauca), Santa Rosa (departamento de Cauca), Popayán (departamento de Cauca), Manaure (departamento de Cesar), San José del Palmar (departamento de Chocó), Medio San Juan (departamento de Chocó), Ciudad Bolívar (departamento de Antioquia), Silvania (departamento de Cundinamarca), Fusagasugá (departamento de Cundinamarca), Soacha (departamento de Cundinamarca), San Antonio del Tequendama (departamento de Cundinamarca), Guasca (departamento de Cundinamarca), La Mesa (departamento de Cundinamarca), Albán (departamento de Cundinamarca), San Agustín (departamento de Huila), La Plata (departamento de Huila), Acevedo (departamento de Huila), Algeciras (departamento de Huila), Colombia (departamento de Huila), Nátaga (departamento de Huila), Pitalito (departamento de Huila), Isnos (departamento de Huila), Santa Marta (departamento de Magdalena), Ciénaga (departamento de Magdalena), Vista Hermosa (departamento de Meta), Acacías (departamento de Meta), Ipiales (departamento de Nariño), Sibundoy (departamento de Putumayo), San Francisco (departamento de Putumayo), Filandia (departamento de Quindío), Pijao (departamento de Quindío), Génova (departamento de Quindío), Salento (departamento de Quindío), Calarcá (departamento de Quindío), Apía (departamento de Risaralda), Pereira (departamento de Risaralda), Santa Rosa de Cabal (departamento de Risaralda), Santuario (departamento de Risaralda), Cimitarra (departamento de Santander), Charalá (departamento de Santander), Charta (departamento de Santander), Santa Isabel (departamento de Tolima), Murillo (departamento de Tolima), Ibagué (departamento de Tolima), Santiago de Cali (departamento de Valle del Cauca), Buenaventura (departamento de Valle del Cauca), Palmira (departamento de Valle del Cauca).","NO",NA,"Inferred","NO",NA,"Inferred","La especie tiene registradas hasta el momento 75 subpoblaciones. No se conoce nada sobre la abundancia o tendencia poblacional de la especie.","Se conocen 75 subpoblaciones. Del total conocido, 6 de 75 subpoblaciones (8%) presentan expansión urbana; 26 de 75 subpoblaciones (34.7%) presentan actividades agrícolas; 25 de 75 subpoblaciones (33.3%) presentan actividades ganaderas; 4 de 75 subpoblaciones (5.3%) coinciden con áreas de exploración y explotación de hidrocarburos; 6 de 75 subpoblaciones (8%) coinciden con títulos mineros activos; 20 de 75 subpoblaciones (26.7%) presentan influencia de infraestructura vial. Estas actividades generan pérdida, degradación y fragmentación del hábitat, reduciendo la calidad del ambiente disponible para la especie en diferentes sectores de su distribución conocida.","1.1, 2.1.4, 2.3.4, 3.1, 3.2, 4.1","Ongoing, Ongoing, Ongoing, Ongoing, Ongoing, Ongoing","Minority (<50%), Minority (<50%), Minority (<50%), Minority (<50%), Minority (<50%), Minority (<50%)","Very rapid declines, Very rapid declines, Very rapid declines, Very rapid declines, Very rapid declines, Very rapid declines","1.1 | 1.2 | 2.1 | 2.2 // 1.1 | 1.2 | 2.1 | 2.2 // 1.1 | 1.2 | 2.1 | 2.2 // 1.1 | 1.2 | 2.1 | 2.2 // 1.1 | 1.2 | 2.1 | 2.2 // 1.1 | 1.2 | 2.1 | 2.2",TRUE,FALSE,"Stable","Inferred",NA,"YES","Barbas Bremen; Cacica Noría; Campoalegre; Carauta; Cerro Bravo; Cuenca  Alta del Río Atrato; Cuenca Hidrográfica de Río Samaná Norte; Cuenca Hidrográfica del Río La Vieja con POMCA; Cuenca Hidrográfica del Río Negro con POMCA; Cuenca Hidrográfica del Río Recio y Río Venadillo con plan de ordenación y manejo; Cuenca Hidrográfica Del Río San Juan; Cuenca hidrográfica del río Suaza con Plan de Ordenación y Manejo de la Cuenca Hidrográfica; Cuenca Hidrográfica Directos Río Cauca- Río Amagá- Quebrada Sinifaná- NSS; Cuenca Hidrográfica Río Grande y Chico, con Plan de Ordenación y Manejo; De la Cuenca Alta del Río  Quindío de Salento; Del Nima; Divisoria Valle de Aburra Rio Cauca; Embalse el Peñol y Cuenca Alta del Río Guatapé; Farallones de Cali; Farallones del Citará; Guanentá Alto Río Fonce; Iguaque; La Mesenia Paramillo-El Desierto; Las Orquídeas; Otún Quimbaya; Páramo de Vida Maitamá - Sonsón; Páramo Grande; Río Anchicayá; Río Cali; Río Nare; Sector Salto del Tequendama y Cerro Manjuí; Selva de Florencia; Serranía de los Yariguíes; Serranía de Peñas Blancas; Sierra de la Macarena; Sierra Nevada de Santa Marta; Sistema de Paramos y Bosques Altoandinos del Noroccidente Medio Antioqueño; Tatamá; Ucumarí","Unknown","N/A","N/A","N/A",NA,NA,NA,NA,NA,NA,NA,NA,NA,NA,NA,NA,NA,NA,NA,NA,NA,NA,NA,NA,NA,NA,NA,NA,NA
NA,NA,"Plantae","Tracheophyta","Polypodiopsida","Polypodiales","Polypodiaceae","Serpocaulon","funckii",NA,"Serpocaulon funckii",NA,NA,NA,NA,NA,NA,NA,NA,NA,NA,NA,NA,NA,NA,NA,NA,NA,NA,NA,NA,NA,NA,NA,NA,NA,NA,NA,NA,NA,NA,NA,NA,NA,NA,NA,NA,NA,138336,116,19,24,62.1,67,27,"NO","YES","El 67% de parches de hábitat donde se encuentra la especie son pequeños y aislados. Estos parches se encuentran en el/los municipio(s) de Sonsón (departamento de Antioquia), Anorí (departamento de Antioquia), San Pedro de los Milagros (departamento de Antioquia), Guatapé (departamento de Antioquia), Granada (departamento de Antioquia), Samacá (departamento de Boyacá), Rionegro (departamento de Antioquia), San Bernardo (departamento de Cundinamarca), Herrán (departamento de Norte de Santander), Medellín (departamento de Antioquia), La Unión (departamento de Antioquia), Pueblo Rico (departamento de Risaralda), Amalfi (departamento de Antioquia), Frontino (departamento de Antioquia), El Tambo (departamento de Cauca), Barbosa (departamento de Antioquia), Copacabana (departamento de Antioquia), El Sopetrán (departamento de Antioquia), Fredonia (departamento de Antioquia), Urrao (departamento de Antioquia), San José del Palmar (departamento de Chocó).","NO",NA,"Inferred","NO",NA,"Inferred","La especie tiene registradas hasta el momento 19 subpoblaciones. No se conoce nada sobre la abundancia o tendencia poblacional de la especie.","Se conocen 19 subpoblaciones. Del total conocido, 3 de 19 subpoblaciones (15.8%) presentan expansión urbana; 11 de 19 subpoblaciones (57.9%) presentan actividades agrícolas; 4 de 19 subpoblaciones (21.1%) presentan actividades ganaderas; 1 de 19 subpoblaciones (5.3%) coinciden con áreas de exploración y explotación de hidrocarburos; 1 de 19 subpoblaciones (5.3%) coinciden con títulos mineros activos; 7 de 19 subpoblaciones (36.8%) presentan influencia de infraestructura vial. Estas actividades generan pérdida, degradación y fragmentación del hábitat, reduciendo la calidad del ambiente disponible para la especie en diferentes sectores de su distribución conocida.","1.1, 2.1.4, 2.3.4, 3.1, 3.2, 4.1","Ongoing, Ongoing, Ongoing, Ongoing, Ongoing, Ongoing","Minority (<50%), Majority (50-90%), Minority (<50%), Minority (<50%), Minority (<50%), Minority (<50%)","Very rapid declines, Very rapid declines, Very rapid declines, Very rapid declines, Very rapid declines, Very rapid declines","1.1 | 1.2 | 2.1 | 2.2 // 1.1 | 1.2 | 2.1 | 2.2 // 1.1 | 1.2 | 2.1 | 2.2 // 1.1 | 1.2 | 2.1 | 2.2 // 1.1 | 1.2 | 2.1 | 2.2 // 1.1 | 1.2 | 2.1 | 2.2",TRUE,FALSE,"Stable","Inferred",NA,"YES","Bajo Cauca Nechí; Cacica Noría; Carauta; Cuenca Hidrográfica de Río Samaná Norte; Cuenca Hidrográfica del Río Negro con POMCA; Cuenca Hidrográfica del Río Pamplonita; Cuenca Hidrográfica Directos Río Cauca- Río Amagá- Quebrada Sinifaná- NSS; De Urrao; Divisoria Valle de Aburra Rio Cauca; Embalse el Peñol y Cuenca Alta del Río Guatapé; Las Orquídeas; Páramo de Rabanal; Páramo de Vida Maitamá - Sonsón; Río Nare","Unknown","N/A","N/A","N/A",NA,NA,NA,NA,NA,NA,NA,NA,NA,NA,NA,NA,NA,NA,NA,NA,NA,NA,NA,NA,NA,NA,NA,NA,NA
NA,NA,"Plantae","Tracheophyta","Polypodiopsida","Polypodiales","Polypodiaceae","Serpocaulon","lasiopus",NA,"Serpocaulon lasiopus",NA,NA,NA,NA,NA,NA,NA,NA,NA,NA,NA,NA,NA,NA,NA,NA,NA,NA,NA,NA,NA,NA,NA,NA,NA,NA,NA,NA,NA,NA,NA,NA,NA,NA,NA,NA,NA,56700,48,8,10,19,53,49,"NO","YES","El 53% de parches de hábitat donde se encuentra la especie son pequeños y aislados. Estos parches se encuentran en el/los municipio(s) de Guarné (departamento de Antioquia), Cajibío (departamento de Cauca), Popayán (departamento de Cauca), Suesca (departamento de Cundinamarca), Gachetá (departamento de Cundinamarca), Ubaqué (departamento de Cundinamarca), San Cayetano (departamento de Cundinamarca), Mosquera (departamento de Cundinamarca), La Mesa (departamento de Cundinamarca).","YES","12 subpoblaciones de la especie se encuentran en paisajes con destrucción y degradación de su hábitat. Estas subpoblaciones se encuentran en el/los municipio(s) de Guarné (departamento de Antioquia), Cajibío (departamento de Cauca), Popayán (departamento de Cauca), Suesca (departamento de Cundinamarca), Gachetá (departamento de Cundinamarca), Ubaqué (departamento de Cundinamarca), San Cayetano (departamento de Cundinamarca), Mosquera (departamento de Cundinamarca), La Mesa (departamento de Cundinamarca).","Inferred","NO",NA,"Inferred","La especie tiene registradas hasta el momento ocho subpoblaciones. No se conoce nada sobre la abundancia o tendencia poblacional de la especie.","Se conocen 8 subpoblaciones. Del total conocido, 1 de 8 subpoblaciones (12.5%) presentan expansión urbana; 6 de 8 subpoblaciones (75%) presentan actividades agrícolas; 1 de 8 subpoblaciones (12.5%) presentan actividades ganaderas; 3 de 8 subpoblaciones (37.5%) presentan influencia de infraestructura vial. Estas actividades generan pérdida, degradación y fragmentación del hábitat, reduciendo la calidad del ambiente disponible para la especie en diferentes sectores de su distribución conocida.","1.1, 2.1.4, 2.3.4, 4.1","Ongoing, Ongoing, Ongoing, Ongoing","Minority (<50%), Majority (50-90%), Minority (<50%), Minority (<50%)","Very rapid declines, Very rapid declines, Very rapid declines, Very rapid declines","1.1 | 1.2 | 2.1 | 2.2 // 1.1 | 1.2 | 2.1 | 2.2 // 1.1 | 1.2 | 2.1 | 2.2 // 1.1 | 1.2 | 2.1 | 2.2",FALSE,FALSE,"Decreasing","Inferred",NA,"YES","Cuenca Hidrografica del Rìo Carare-Minero; Río Nare","Unknown","N/A","1.1, 3.4.2, 4.3","1.2, 1.3, 1.5, 1.6, 2.2, 3.1, 3.4",NA,NA,NA,NA,NA,NA,NA,NA,NA,NA,NA,NA,NA,NA,NA,NA,NA,NA,NA,NA,NA,NA,NA,NA,NA
NA,NA,"Plantae","Tracheophyta","Polypodiopsida","Polypodiales","Polypodiaceae","Serpocaulon","latissimum",NA,"Serpocaulon latissimum",NA,NA,NA,NA,NA,NA,NA,NA,NA,NA,NA,NA,NA,NA,NA,NA,NA,NA,NA,NA,NA,NA,NA,NA,NA,NA,NA,NA,NA,NA,NA,NA,NA,NA,NA,NA,NA,520184,124,27,28,20.8,68,10,"NO","YES","El 68% de parches de hábitat donde se encuentra la especie son pequeños y aislados. Estos parches se encuentran en el/los municipio(s) de La Pedrera (departamento de Amazonas), Anorí (departamento de Antioquia), Cáceres (departamento de Antioquia), Jardín (departamento de Antioquia), San Carlos (departamento de Antioquia), Frontino (departamento de Antioquia), Guapí (departamento de Cauca), Bahía Solano (departamento de Chocó), Quibdó (departamento de Chocó), Buenaventura (departamento de Valle del Cauca), Medio San Juan (departamento de Chocó), San José del Palmar (departamento de Chocó), Unión Panamericana (departamento de Chocó), Río Quito (departamento de Chocó), Isnos (departamento de Huila), Barbacoas (departamento de Nariño), Tumaco (departamento de Nariño), Puerto Leguízamo (departamento de Putumayo), Orito (departamento de Putumayo), San Miguel de Mocoa (departamento de Putumayo), Cimitarra (departamento de Santander).","NO",NA,"Inferred","NO",NA,"Inferred","La especie tiene registradas hasta el momento 27 subpoblaciones. No se conoce nada sobre la abundancia o tendencia poblacional de la especie.","Se conocen 27 subpoblaciones. Del total conocido, 2 de 27 subpoblaciones (7.4%) presentan expansión urbana; 6 de 27 subpoblaciones (22.2%) presentan actividades agrícolas; 3 de 27 subpoblaciones (11.1%) presentan actividades ganaderas; 1 de 27 subpoblaciones (3.7%) coinciden con áreas de exploración y explotación de hidrocarburos; 1 de 27 subpoblaciones (3.7%) coinciden con títulos mineros activos; 2 de 27 subpoblaciones (7.4%) presentan influencia de infraestructura vial. Estas actividades generan pérdida, degradación y fragmentación del hábitat, reduciendo la calidad del ambiente disponible para la especie en diferentes sectores de su distribución conocida.","1.1, 2.1.4, 2.3.4, 3.1, 3.2, 4.1","Ongoing, Ongoing, Ongoing, Ongoing, Ongoing, Ongoing","Minority (<50%), Minority (<50%), Minority (<50%), Minority (<50%), Minority (<50%), Minority (<50%)","Very rapid declines, Very rapid declines, Very rapid declines, Very rapid declines, Very rapid declines, Very rapid declines","1.1 | 1.2 | 2.1 | 2.2 // 1.1 | 1.2 | 2.1 | 2.2 // 1.1 | 1.2 | 2.1 | 2.2 // 1.1 | 1.2 | 2.1 | 2.2 // 1.1 | 1.2 | 2.1 | 2.2 // 1.1 | 1.2 | 2.1 | 2.2",TRUE,FALSE,"Stable","Inferred",NA,"YES","Bajo Cauca Nechí; Cuenca Hidrográfica de Río Samaná Norte; Darién; Las Orquídeas; Serranía de los Churumbelos  - Auka Wasi; Utria","Unknown","N/A","N/A","N/A",NA,NA,NA,NA,NA,NA,NA,NA,NA,NA,NA,NA,NA,NA,NA,NA,NA,NA,NA,NA,NA,NA,NA,NA,NA
NA,NA,"Plantae","Tracheophyta","Polypodiopsida","Polypodiales","Polypodiaceae","Serpocaulon","levigatum",NA,"Serpocaulon levigatum",NA,NA,NA,NA,NA,NA,NA,NA,NA,NA,NA,NA,NA,NA,NA,NA,NA,NA,NA,NA,NA,NA,NA,NA,NA,NA,NA,NA,NA,NA,NA,NA,NA,NA,NA,NA,NA,354288,568,89,118,45.5,69,20,"NO","YES","El 69% de parches de hábitat donde se encuentra la especie son pequeños y aislados. Estos parches se encuentran en el/los municipio(s) de Belmira (departamento de Antioquia), Bello (departamento de Antioquia), Fredonia (departamento de Antioquia), Retiro (departamento de Antioquia), Medellín (departamento de Antioquia), Yarumal (departamento de Antioquia), Guarné (departamento de Antioquia), Caldas (departamento de Antioquia), La Unión (departamento de Antioquia), Jardín (departamento de Antioquia), Sonsón (departamento de Antioquia), Frontino (departamento de Antioquia), Briceño (departamento de Antioquia), Valdivia (departamento de Antioquia), El Carmen de Viboral (departamento de Antioquia), Envigado (departamento de Antioquia), Liborina (departamento de Antioquia), Santa Rosa de Osos (departamento de Antioquia), Angelópolis (departamento de Antioquia), Heliconia (departamento de Antioquia), Urrao (departamento de Antioquia), Onzaga (departamento de Santander), La Uvita (departamento de Boyacá), Villa de Leyva (departamento de Boyacá), Pensilvania (departamento de Caldas), Manizales (departamento de Caldas), Neira (departamento de Caldas), Riosucio (departamento de Caldas), Villamaría (departamento de Caldas), Aranzazú (departamento de Caldas), Cajibío (departamento de Cauca), Sotará (departamento de Cauca), El Tambo (departamento de Cauca), Argelia (departamento de Cauca), Toribío (departamento de Cauca), Inzá (departamento de Cauca), Puracé (departamento de Cauca), Popayán (departamento de Cauca), Bolívar (departamento de Cauca), El Cairo (departamento de Valle del Cauca), San José del Palmar (departamento de Chocó), Albán (departamento de Cundinamarca), Sasaima (departamento de Cundinamarca), Guasca (departamento de Cundinamarca), Bogotá D.C. (departamento de Bogotá D.C.), San Bernardo (departamento de Cundinamarca), Cabrera (departamento de Cundinamarca), Subachoque (departamento de Cundinamarca), La Plata (departamento de Huila), Acevedo (departamento de Huila), La Argentina (departamento de Huila), San Agustín (departamento de Huila), Nátaga (departamento de Huila), Isnos (departamento de Huila), Pitalito (departamento de Huila), Neiva (departamento de Huila), Campoalegre (departamento de Huila), La Cruz (departamento de Nariño), Agustín Codazzi (departamento de Cesar), Ciénaga (departamento de Magdalena), Santa Marta (departamento de Magdalena), Acacías (departamento de Meta), Vista Hermosa (departamento de Meta), San Juan de Pasto (departamento de Nariño), Ipiales (departamento de Nariño), La Unión (departamento de Nariño), Chachagüí (departamento de Nariño), Sandoná (departamento de Nariño), Toledo (departamento de Norte de Santander), Pamplona (departamento de Norte de Santander), La Playa de Belén (departamento de Norte de Santander), Santiago (departamento de Putumayo), Sibundoy (departamento de Putumayo), San Miguel de Mocoa (departamento de Putumayo), San Francisco (departamento de Putumayo), Calarcá (departamento de Quindío), Filandia (departamento de Quindío), Salento (departamento de Quindío), Pijao (departamento de Quindío), Córdoba (departamento de Quindío), Génova (departamento de Quindío), Santa Rosa de Cabal (departamento de Risaralda), Marsella (departamento de Risaralda), Pereira (departamento de Risaralda), Santuario (departamento de Risaralda), Los Santos (departamento de Santander), Floridablanca (departamento de Santander), Anzoátegui (departamento de Tolima), Santa Isabel (departamento de Tolima), Murillo (departamento de Tolima), Ibagué (departamento de Tolima), Palmira (departamento de Valle del Cauca), Guadalajara de Buga (departamento de Valle del Cauca), Santiago de Cali (departamento de Valle del Cauca), Florida (departamento de Valle del Cauca), Buenaventura (departamento de Valle del Cauca).","NO",NA,"Inferred","NO",NA,"Inferred","La especie tiene registradas hasta el momento 89 subpoblaciones. No se conoce nada sobre la abundancia o tendencia poblacional de la especie.","Se conocen 89 subpoblaciones. Del total conocido, 18 de 89 subpoblaciones (20.2%) presentan expansión urbana; 37 de 89 subpoblaciones (41.6%) presentan actividades agrícolas; 24 de 89 subpoblaciones (27%) presentan actividades ganaderas; 6 de 89 subpoblaciones (6.7%) coinciden con áreas de exploración y explotación de hidrocarburos; 5 de 89 subpoblaciones (5.6%) coinciden con títulos mineros activos; 35 de 89 subpoblaciones (39.3%) presentan influencia de infraestructura vial. Estas actividades generan pérdida, degradación y fragmentación del hábitat, reduciendo la calidad del ambiente disponible para la especie en diferentes sectores de su distribución conocida.","1.1, 2.1.4, 2.3.4, 3.1, 3.2, 4.1","Ongoing, Ongoing, Ongoing, Ongoing, Ongoing, Ongoing","Minority (<50%), Minority (<50%), Minority (<50%), Minority (<50%), Minority (<50%), Minority (<50%)","Very rapid declines, Very rapid declines, Very rapid declines, Very rapid declines, Very rapid declines, Very rapid declines","1.1 | 1.2 | 2.1 | 2.2 // 1.1 | 1.2 | 2.1 | 2.2 // 1.1 | 1.2 | 2.1 | 2.2 // 1.1 | 1.2 | 2.1 | 2.2 // 1.1 | 1.2 | 2.1 | 2.2 // 1.1 | 1.2 | 2.1 | 2.2",TRUE,FALSE,"Stable","Inferred",NA,"YES","Alto de Ventanas; Barbas  Bremen; Barbas Bremen; Bosque Oriental de Bogotá; Campoalegre; Carauta; Cuchilla Jardin Tamesis; Cuenca Alta del Río Mocoa; Cuenca Hidrográfica del Río La Vieja con POMCA; Cuenca Hidrográfica del Río Negro con POMCA; Cuenca Hidrográfica del Río Pamplonita; Cuenca Hidrográfica del Río Recio y Río Venadillo con plan de ordenación y manejo; Cuenca Hidrográfica del Río San Jorge; Cuenca Hidrográfica Del Río San Juan; Cuenca hidrográfica del río Suaza con Plan de Ordenación y Manejo de la Cuenca Hidrográfica; Cuenca Hidrográfica Directos Río Cauca- Río Amagá- Quebrada Sinifaná- NSS; Cuenca Hidrográfica Rio Algodonal; Cuenca Hidrográfica Río Grande y Chico, con Plan de Ordenación y Manejo; Cuenca Hidrográfica Río Juanambú; Cuenca Hidrográfica Rio Totare; De la Cuenca Alta del Río  Quindío de Salento; De Urrao; Divisoria Valle de Aburra Rio Cauca; DRMI de los Páramos de Guantiva y La Rusia, Bosques de Roble y sus Zonas aledañas; Farallones de Cali; Isla de la Corota; Laguna La Cocha Cerro Patascoy; Otún Quimbaya; Páramo de Vida Maitamá - Sonsón; Páramo Grande; Rio  Amaime; Río Cali; Río Guadalajara; Río Nare; Sabinas; San Pedro Y El Recuerdo; Sector Salto del Tequendama y Cerro Manjuí; Serranía de Minas; Serranía de Peñas Blancas; Siberia Ceibas; Sierra de la Macarena; Sierra Nevada de Santa Marta; Sistema de Paramos y Bosques Altoandinos del Noroccidente Medio Antioqueño; Tatamá; Ucumarí","Unknown","N/A","N/A","N/A",NA,NA,NA,NA,NA,NA,NA,NA,NA,NA,NA,NA,NA,NA,NA,NA,NA,NA,NA,NA,NA,NA,NA,NA,NA
NA,NA,"Plantae","Tracheophyta","Polypodiopsida","Polypodiales","Polypodiaceae","Serpocaulon","loriceum",NA,"Serpocaulon loriceum",NA,NA,NA,NA,NA,NA,NA,NA,NA,NA,NA,NA,NA,NA,NA,NA,NA,NA,NA,NA,NA,NA,NA,NA,NA,NA,NA,NA,NA,NA,NA,NA,NA,NA,NA,NA,NA,183341,32,8,8,60,55,25,"NO","YES","El 55% de parches de hábitat donde se encuentra la especie son pequeños y aislados. Estos parches se encuentran en el/los municipio(s) de La Unión (departamento de Antioquia), Sesquilé (departamento de Cundinamarca), Piedecuesta (departamento de Santander), Pitalito (departamento de Huila), Frontino (departamento de Antioquia), Herrán (departamento de Norte de Santander), San Francisco (departamento de Putumayo), Mallama (departamento de Nariño).","NO",NA,"Inferred","NO",NA,"Inferred","La especie tiene registradas hasta el momento ocho subpoblaciones. No se conoce nada sobre la abundancia o tendencia poblacional de la especie.","Se conocen 8 subpoblaciones. Del total conocido, 1 de 8 subpoblaciones (12.5%) presentan actividades agrícolas; 2 de 8 subpoblaciones (25%) presentan actividades ganaderas; 1 de 8 subpoblaciones (12.5%) coinciden con áreas de exploración y explotación de hidrocarburos; 2 de 8 subpoblaciones (25%) presentan influencia de infraestructura vial. Estas actividades generan pérdida, degradación y fragmentación del hábitat, reduciendo la calidad del ambiente disponible para la especie en diferentes sectores de su distribución conocida.","2.1.4, 2.3.4, 3.1, 4.1","Ongoing, Ongoing, Ongoing, Ongoing","Minority (<50%), Minority (<50%), Minority (<50%), Minority (<50%)","Very rapid declines, Very rapid declines, Very rapid declines, Very rapid declines","1.1 | 1.2 | 2.1 | 2.2 // 1.1 | 1.2 | 2.1 | 2.2 // 1.1 | 1.2 | 2.1 | 2.2 // 1.1 | 1.2 | 2.1 | 2.2",TRUE,FALSE,"Stable","Inferred",NA,"YES","Cuenca Hidrográfica del Río Pamplonita; Laguna del Cacique Guatavita y Cuchilla de Peña Blanca; Las Orquídeas; Serranía de Peñas Blancas","Unknown","N/A","N/A","N/A",NA,NA,NA,NA,NA,NA,NA,NA,NA,NA,NA,NA,NA,NA,NA,NA,NA,NA,NA,NA,NA,NA,NA,NA,NA
NA,NA,"Plantae","Tracheophyta","Polypodiopsida","Polypodiales","Polypodiaceae","Serpocaulon","maritimum",NA,"Serpocaulon maritimum",NA,NA,NA,NA,NA,NA,NA,NA,NA,NA,NA,NA,NA,NA,NA,NA,NA,NA,NA,NA,NA,NA,NA,NA,NA,NA,NA,NA,NA,NA,NA,NA,NA,NA,NA,NA,NA,174510,52,12,12,41.2,45,12,"NO","NO",NA,"NO",NA,"Inferred","NO",NA,"Inferred","La especie tiene registradas hasta el momento 12 subpoblaciones. No se conoce nada sobre la abundancia o tendencia poblacional de la especie.","Se conocen 12 subpoblaciones. Del total conocido, 3 de 12 subpoblaciones (25%) presentan actividades agrícolas; 1 de 12 subpoblaciones (8.3%) presentan influencia de infraestructura vial. Estas actividades generan pérdida, degradación y fragmentación del hábitat, reduciendo la calidad del ambiente disponible para la especie en diferentes sectores de su distribución conocida.","2.1.4, 4.1","Ongoing, Ongoing","Minority (<50%), Minority (<50%)","Very rapid declines, Very rapid declines","1.1 | 1.2 | 2.1 | 2.2 // 1.1 | 1.2 | 2.1 | 2.2",TRUE,FALSE,"Stable","Inferred",NA,"YES","De Urrao; Farallones de Cali; Macuira; Río Anchicayá; Tayrona","Unknown","N/A","N/A","N/A",NA,NA,NA,NA,NA,NA,NA,NA,NA,NA,NA,NA,NA,NA,NA,NA,NA,NA,NA,NA,NA,NA,NA,NA,NA
NA,NA,"Plantae","Tracheophyta","Polypodiopsida","Polypodiales","Polypodiaceae","Serpocaulon","nanegalense",NA,"Serpocaulon nanegalense",NA,NA,NA,NA,NA,NA,NA,NA,NA,NA,NA,NA,NA,NA,NA,NA,NA,NA,NA,NA,NA,NA,NA,NA,NA,NA,NA,NA,NA,NA,NA,NA,NA,NA,NA,NA,NA,150772,104,18,20,78.9,65,26,"NO","YES","El 65% de parches de hábitat donde se encuentra la especie son pequeños y aislados. Estos parches se encuentran en el/los municipio(s) de Belmira (departamento de Antioquia), Medellín (departamento de Antioquia), Caldas (departamento de Antioquia), Andes (departamento de Antioquia), Jardín (departamento de Antioquia), Bello (departamento de Antioquia), Heliconia (departamento de Antioquia), Sogamoso (departamento de Boyacá), Villa de Leyva (departamento de Boyacá), Inzá (departamento de Cauca), Sibaté (departamento de Cundinamarca), Cajicá (departamento de Cundinamarca), San Juan de Pasto (departamento de Nariño), Herrán (departamento de Norte de Santander), Sibundoy (departamento de Putumayo), Génova (departamento de Quindío), Santuario (departamento de Risaralda), Sonsón (departamento de Antioquia), Buenaventura (departamento de Valle del Cauca).","NO",NA,"Inferred","NO",NA,"Inferred","La especie tiene registradas hasta el momento 18 subpoblaciones. No se conoce nada sobre la abundancia o tendencia poblacional de la especie.","Se conocen 18 subpoblaciones. Del total conocido, 1 de 18 subpoblaciones (5.6%) presentan expansión urbana; 5 de 18 subpoblaciones (27.8%) presentan actividades agrícolas; 4 de 18 subpoblaciones (22.2%) presentan actividades ganaderas; 1 de 18 subpoblaciones (5.6%) coinciden con títulos mineros activos; 7 de 18 subpoblaciones (38.9%) presentan influencia de infraestructura vial. Estas actividades generan pérdida, degradación y fragmentación del hábitat, reduciendo la calidad del ambiente disponible para la especie en diferentes sectores de su distribución conocida.","1.1, 2.1.4, 2.3.4, 3.2, 4.1","Ongoing, Ongoing, Ongoing, Ongoing, Ongoing","Minority (<50%), Minority (<50%), Minority (<50%), Minority (<50%), Minority (<50%)","Very rapid declines, Very rapid declines, Very rapid declines, Very rapid declines, Very rapid declines","1.1 | 1.2 | 2.1 | 2.2 // 1.1 | 1.2 | 2.1 | 2.2 // 1.1 | 1.2 | 2.1 | 2.2 // 1.1 | 1.2 | 2.1 | 2.2 // 1.1 | 1.2 | 2.1 | 2.2",TRUE,FALSE,"Stable","Inferred",NA,"YES","Cuchilla Jardin Tamesis; Cuenca Hidrográfica del Río La Vieja con POMCA; Cuenca Hidrográfica del Río Pamplonita; Cuenca Hidrográfica Río Grande y Chico, con Plan de Ordenación y Manejo; Divisoria Valle de Aburra Rio Cauca; Farallones de Cali; Farallones del Citará; Iguaque; Laguna La Cocha Cerro Patascoy; Páramo de Vida Maitamá - Sonsón; Sistema de Paramos y Bosques Altoandinos del Noroccidente Medio Antioqueño; Tatamá; Unidad Biogeográfica de Siscuncí Oceta","Unknown","N/A","N/A","N/A",NA,NA,NA,NA,NA,NA,NA,NA,NA,NA,NA,NA,NA,NA,NA,NA,NA,NA,NA,NA,NA,NA,NA,NA,NA
NA,NA,"Plantae","Tracheophyta","Polypodiopsida","Polypodiales","Polypodiaceae","Serpocaulon","patentissimum",NA,"Serpocaulon patentissimum",NA,NA,NA,NA,NA,NA,NA,NA,NA,NA,NA,NA,NA,NA,NA,NA,NA,NA,NA,NA,NA,NA,NA,NA,NA,NA,NA,NA,NA,NA,NA,NA,NA,NA,NA,NA,NA,29789.9,32,9,5,45.5,50,15,"NO","NO",NA,"NO",NA,"Inferred","NO",NA,"Inferred","La especie tiene registradas hasta el momento nueve subpoblaciones. No se conoce nada sobre la abundancia o tendencia poblacional de la especie.","Se conocen 4 subpoblaciones. Del total conocido, 1 de 4 subpoblaciones (25%) presentan actividades agrícolas; 1 de 4 subpoblaciones (25%) presentan actividades ganaderas; 1 de 4 subpoblaciones (25%) presentan influencia de infraestructura vial. Estas actividades generan pérdida, degradación y fragmentación del hábitat, reduciendo la calidad del ambiente disponible para la especie en diferentes sectores de su distribución conocida.","2.1.4, 2.3.4, 4.1","Ongoing, Ongoing, Ongoing","Minority (<50%), Minority (<50%), Minority (<50%)","Very rapid declines, Very rapid declines, Very rapid declines","1.1 | 1.2 | 2.1 | 2.2 // 1.1 | 1.2 | 2.1 | 2.2 // 1.1 | 1.2 | 2.1 | 2.2",TRUE,FALSE,"Stable","Inferred",NA,"YES","La Planada","Unknown","N/A","N/A","N/A",NA,NA,NA,NA,NA,NA,NA,NA,NA,NA,NA,NA,NA,NA,NA,NA,NA,NA,NA,NA,NA,NA,NA,NA,NA
NA,NA,"Plantae","Tracheophyta","Polypodiopsida","Polypodiales","Polypodiaceae","Serpocaulon","polystichum",NA,"Serpocaulon polystichum",NA,NA,NA,NA,NA,NA,NA,NA,NA,NA,NA,NA,NA,NA,NA,NA,NA,NA,NA,NA,NA,NA,NA,NA,NA,NA,NA,NA,NA,NA,NA,NA,NA,NA,NA,NA,NA,171882,28,7,7,57.1,69,33,"NO","YES","El 69% de parches de hábitat donde se encuentra la especie son pequeños y aislados. Estos parches se encuentran en el/los municipio(s) de Angelópolis (departamento de Antioquia), Samaná (departamento de Caldas), San José del Palmar (departamento de Chocó), San Vicente del Caguán (departamento de Caquetá), El Cairo (departamento de Valle del Cauca), Toledo (departamento de Norte de Santander), Santiago de Cali (departamento de Valle del Cauca).","YES","Siete subpoblaciones de la especie se encuentran en paisajes con destrucción y degradación de su hábitat. Estas subpoblaciones se encuentran en el/los municipio(s) de Angelópolis (departamento de Antioquia), Samaná (departamento de Caldas), San José del Palmar (departamento de Chocó), San Vicente del Caguán (departamento de Caquetá), El Cairo (departamento de Valle del Cauca), Toledo (departamento de Norte de Santander), Santiago de Cali (departamento de Valle del Cauca).","Inferred","NO",NA,"Inferred","La especie tiene registradas hasta el momento siete subpoblaciones. No se conoce nada sobre la abundancia o tendencia poblacional de la especie.","Se conocen 7 subpoblaciones. Del total conocido, 1 de 7 subpoblaciones (14.3%) presentan actividades agrícolas; 1 de 7 subpoblaciones (14.3%) presentan actividades ganaderas; 1 de 7 subpoblaciones (14.3%) presentan influencia de infraestructura vial. Estas actividades generan pérdida, degradación y fragmentación del hábitat, reduciendo la calidad del ambiente disponible para la especie en diferentes sectores de su distribución conocida.","2.1.4, 2.3.4, 4.1","Ongoing, Ongoing, Ongoing","Minority (<50%), Minority (<50%), Minority (<50%)","Very rapid declines, Very rapid declines, Very rapid declines","1.1 | 1.2 | 2.1 | 2.2 // 1.1 | 1.2 | 2.1 | 2.2 // 1.1 | 1.2 | 2.1 | 2.2",FALSE,FALSE,"Decreasing","Inferred",NA,"YES","Divisoria Valle de Aburra Rio Cauca; La Serranía de Chiribiquete; Selva de Florencia; Serranía de Los Paraguas","Unknown","N/A","N/A","N/A",NA,NA,NA,NA,NA,NA,NA,NA,NA,NA,NA,NA,NA,NA,NA,NA,NA,NA,NA,NA,NA,NA,NA,NA,NA
NA,NA,"Plantae","Tracheophyta","Polypodiopsida","Polypodiales","Polypodiaceae","Serpocaulon","psychotrium",NA,"Serpocaulon psychotrium",NA,NA,NA,NA,NA,NA,NA,NA,NA,NA,NA,NA,NA,NA,NA,NA,NA,NA,NA,NA,NA,NA,NA,NA,NA,NA,NA,NA,NA,NA,NA,NA,NA,NA,NA,NA,NA,429306,80,17,17,36.8,67,11,"NO","YES","El 67% de parches de hábitat donde se encuentra la especie son pequeños y aislados. Estos parches se encuentran en el/los municipio(s) de La Pedrera (departamento de Amazonas), San Rafael (departamento de Antioquia), Amalfi (departamento de Antioquia), Guatapé (departamento de Antioquia), Cocorná (departamento de Antioquia), Barbosa (departamento de Antioquia), Anorí (departamento de Antioquia), Pauna (departamento de Boyacá), Solano (departamento de Caquetá), Agustín Codazzi (departamento de Cesar), Sasaima (departamento de Cundinamarca), Guayabetal (departamento de Cundinamarca), Yacopí (departamento de Cundinamarca), La Macarena (departamento de Meta), Rivera (departamento de Huila), Pitalito (departamento de Huila), Palestina (departamento de Huila).","NO",NA,"Inferred","NO",NA,"Inferred","La especie tiene registradas hasta el momento 17 subpoblaciones. No se conoce nada sobre la abundancia o tendencia poblacional de la especie.","Se conocen 17 subpoblaciones. Del total conocido, 1 de 17 subpoblaciones (5.9%) presentan expansión urbana; 8 de 17 subpoblaciones (47.1%) presentan actividades agrícolas; 5 de 17 subpoblaciones (29.4%) presentan actividades ganaderas; 1 de 17 subpoblaciones (5.9%) coinciden con áreas de exploración y explotación de hidrocarburos; 2 de 17 subpoblaciones (11.8%) coinciden con títulos mineros activos; 7 de 17 subpoblaciones (41.2%) presentan influencia de infraestructura vial. Estas actividades generan pérdida, degradación y fragmentación del hábitat, reduciendo la calidad del ambiente disponible para la especie en diferentes sectores de su distribución conocida.","1.1, 2.1.4, 2.3.4, 3.1, 3.2, 4.1","Ongoing, Ongoing, Ongoing, Ongoing, Ongoing, Ongoing","Minority (<50%), Minority (<50%), Minority (<50%), Minority (<50%), Minority (<50%), Minority (<50%)","Very rapid declines, Very rapid declines, Very rapid declines, Very rapid declines, Very rapid declines, Very rapid declines","1.1 | 1.2 | 2.1 | 2.2 // 1.1 | 1.2 | 2.1 | 2.2 // 1.1 | 1.2 | 2.1 | 2.2 // 1.1 | 1.2 | 2.1 | 2.2 // 1.1 | 1.2 | 2.1 | 2.2 // 1.1 | 1.2 | 2.1 | 2.2",TRUE,FALSE,"Stable","Inferred",NA,"YES","Bajo Cauca Nechí; Chiribiquete National Park – “The Maloca of the Jaguar”; Cuenca Hidrográfica de Río Samaná Norte; Cuenca Hidrografica del Rìo Carare-Minero; Cuenca Hidrográfica del Río Guarapas; Embalse el Peñol y Cuenca Alta del Río Guatapé; La Serranía de Chiribiquete; Serranía de Peñas Blancas","Unknown","N/A","N/A","N/A",NA,NA,NA,NA,NA,NA,NA,NA,NA,NA,NA,NA,NA,NA,NA,NA,NA,NA,NA,NA,NA,NA,NA,NA,NA
NA,NA,"Plantae","Tracheophyta","Polypodiopsida","Polypodiales","Polypodiaceae","Serpocaulon","ptilorhizon",NA,"Serpocaulon ptilorhizon",NA,NA,NA,NA,NA,NA,NA,NA,NA,NA,NA,NA,NA,NA,NA,NA,NA,NA,NA,NA,NA,NA,NA,NA,NA,NA,NA,NA,NA,NA,NA,NA,NA,NA,NA,NA,NA,3075.6,28,5,6,64.3,74,51,"NO","YES","El 74% de parches de hábitat donde se encuentra la especie son pequeños y aislados. Estos parches se encuentran en el/los municipio(s) de Medellín (departamento de Antioquia), Guatapé (departamento de Antioquia), Sonsón (departamento de Antioquia), Amalfi (departamento de Antioquia), Copacabana (departamento de Antioquia), Anorí (departamento de Antioquia), Rionegro (departamento de Antioquia).","YES","Siete subpoblaciones de la especie se encuentran en paisajes con destrucción y degradación de su hábitat. Estas subpoblaciones se encuentran en el/los municipio(s) de Medellín (departamento de Antioquia), Guatapé (departamento de Antioquia), Sonsón (departamento de Antioquia), Amalfi (departamento de Antioquia), Copacabana (departamento de Antioquia), Anorí (departamento de Antioquia), Rionegro (departamento de Antioquia).","Inferred","NO",NA,"Inferred","La especie tiene registradas hasta el momento cinco subpoblaciones. No se conoce nada sobre la abundancia o tendencia poblacional de la especie.","Se conocen 5 subpoblaciones. Del total conocido, 2 de 5 subpoblaciones (40%) presentan actividades agrícolas; 1 de 5 subpoblaciones (20%) presentan actividades ganaderas; 1 de 5 subpoblaciones (20%) coinciden con títulos mineros activos; 3 de 5 subpoblaciones (60%) presentan influencia de infraestructura vial. Estas actividades generan pérdida, degradación y fragmentación del hábitat, reduciendo la calidad del ambiente disponible para la especie en diferentes sectores de su distribución conocida.","2.1.4, 2.3.4, 3.2, 4.1","Ongoing, Ongoing, Ongoing, Ongoing","Minority (<50%), Minority (<50%), Minority (<50%), Majority (50-90%)","Very rapid declines, Very rapid declines, Very rapid declines, Very rapid declines","1.1 | 1.2 | 2.1 | 2.2 // 1.1 | 1.2 | 2.1 | 2.2 // 1.1 | 1.2 | 2.1 | 2.2 // 1.1 | 1.2 | 2.1 | 2.2",FALSE,FALSE,"Decreasing","Inferred",NA,"YES","Cacica Noría; Embalse el Peñol y Cuenca Alta del Río Guatapé; La Selva; Páramo de Vida Maitamá - Sonsón; Río Nare","Unknown","N/A","1.1, 3.4.2, 4.3","1.2, 1.3, 1.5, 1.6, 2.2, 3.1, 3.4",NA,NA,NA,NA,NA,NA,NA,NA,NA,NA,NA,NA,NA,NA,NA,NA,NA,NA,NA,NA,NA,NA,NA,NA,NA
NA,NA,"Plantae","Tracheophyta","Polypodiopsida","Polypodiales","Polypodiaceae","Serpocaulon","richardii",NA,"Serpocaulon richardii",NA,NA,NA,NA,NA,NA,NA,NA,NA,NA,NA,NA,NA,NA,NA,NA,NA,NA,NA,NA,NA,NA,NA,NA,NA,NA,NA,NA,NA,NA,NA,NA,NA,NA,NA,NA,NA,7305.7,16,4,4,25,83,19,"NO","YES","El 83% de parches de hábitat donde se encuentra la especie son pequeños y aislados. Estos parches se encuentran en el/los municipio(s) de San Miguel de Mocoa (departamento de Putumayo), Sasaima (departamento de Cundinamarca), Florián (departamento de Santander).","NO",NA,"Inferred","NO",NA,"Inferred","La especie tiene registradas hasta el momento cuatro subpoblaciones. No se conoce nada sobre la abundancia o tendencia poblacional de la especie.","Se conocen 4 subpoblaciones. Del total conocido, 1 de 4 subpoblaciones (25%) presentan actividades agrícolas; 1 de 4 subpoblaciones (25%) presentan influencia de infraestructura vial. Estas actividades generan pérdida, degradación y fragmentación del hábitat, reduciendo la calidad del ambiente disponible para la especie en diferentes sectores de su distribución conocida.","2.1.4, 4.1","Ongoing, Ongoing","Minority (<50%), Minority (<50%)","Very rapid declines, Very rapid declines","1.1 | 1.2 | 2.1 | 2.2 // 1.1 | 1.2 | 2.1 | 2.2",TRUE,FALSE,"Stable","Inferred",NA,"YES","Paway","Unknown","N/A","N/A","N/A",NA,NA,NA,NA,NA,NA,NA,NA,NA,NA,NA,NA,NA,NA,NA,NA,NA,NA,NA,NA,NA,NA,NA,NA,NA
NA,NA,"Plantae","Tracheophyta","Polypodiopsida","Polypodiales","Polypodiaceae","Serpocaulon","sessilifolium",NA,"Serpocaulon sessilifolium",NA,NA,NA,NA,NA,NA,NA,NA,NA,NA,NA,NA,NA,NA,NA,NA,NA,NA,NA,NA,NA,NA,NA,NA,NA,NA,NA,NA,NA,NA,NA,NA,NA,NA,NA,NA,NA,196810,156,28,34,63.1,66,18,"NO","YES","El 66% de parches de hábitat donde se encuentra la especie son pequeños y aislados. Estos parches se encuentran en el/los municipio(s) de La Unión (departamento de Antioquia), Belmira (departamento de Antioquia), Abejorral (departamento de Antioquia), San José de la Montaña (departamento de Antioquia), Angostura (departamento de Antioquia), Medellín (departamento de Antioquia), Santa María (departamento de Boyacá), Manizales (departamento de Caldas), Salamina (departamento de Caldas), Puracé (departamento de Cauca), Jambaló (departamento de Cauca), Silvia (departamento de Cauca), Bolívar (departamento de Cauca), Fómeque (departamento de Cundinamarca), La Plata (departamento de Huila), Pitalito (departamento de Huila), La Argentina (departamento de Huila), Neiva (departamento de Huila), San Juan de Pasto (departamento de Nariño), Barbacoas (departamento de Nariño), Salento (departamento de Quindío), Santuario (departamento de Risaralda), Pereira (departamento de Risaralda), Onzaga (departamento de Santander), Piedecuesta (departamento de Santander), Ibagué (departamento de Tolima), Buenaventura (departamento de Valle del Cauca).","NO",NA,"Inferred","NO",NA,"Inferred","La especie tiene registradas hasta el momento 28 subpoblaciones. No se conoce nada sobre la abundancia o tendencia poblacional de la especie.","Se conocen 28 subpoblaciones. Del total conocido, 8 de 28 subpoblaciones (28.6%) presentan expansión urbana; 7 de 28 subpoblaciones (25%) presentan actividades agrícolas; 8 de 28 subpoblaciones (28.6%) presentan actividades ganaderas; 2 de 28 subpoblaciones (7.1%) coinciden con áreas de exploración y explotación de hidrocarburos; 1 de 28 subpoblaciones (3.6%) coinciden con títulos mineros activos; 8 de 28 subpoblaciones (28.6%) presentan influencia de infraestructura vial. Estas actividades generan pérdida, degradación y fragmentación del hábitat, reduciendo la calidad del ambiente disponible para la especie en diferentes sectores de su distribución conocida.","1.1, 2.1.4, 2.3.4, 3.1, 3.2, 4.1","Ongoing, Ongoing, Ongoing, Ongoing, Ongoing, Ongoing","Minority (<50%), Minority (<50%), Minority (<50%), Minority (<50%), Minority (<50%), Minority (<50%)","Very rapid declines, Very rapid declines, Very rapid declines, Very rapid declines, Very rapid declines, Very rapid declines","1.1 | 1.2 | 2.1 | 2.2 // 1.1 | 1.2 | 2.1 | 2.2 // 1.1 | 1.2 | 2.1 | 2.2 // 1.1 | 1.2 | 2.1 | 2.2 // 1.1 | 1.2 | 2.1 | 2.2 // 1.1 | 1.2 | 2.1 | 2.2",TRUE,FALSE,"Stable","Inferred",NA,"YES","Cuchillas Negra y Guanaque; Cuenca Hidrográfica del Río San Jorge; De la Cuenca Alta del Río  Quindío de Salento; Divisoria Valle de Aburra Rio Cauca; Farallones de Cali; Isla de la Corota; La Reserva; Laguna La Cocha Cerro Patascoy; Otún Quimbaya; Puracé; Ríos Blanco y Negro; Serranía de Minas; Serranía de Peñas Blancas; Sistema de Paramos y Bosques Altoandinos del Noroccidente Medio Antioqueño; Tatamá; Unidad Ambiental Costera Complejo Malaga  Buenaventura","Unknown","N/A","N/A","N/A",NA,NA,NA,NA,NA,NA,NA,NA,NA,NA,NA,NA,NA,NA,NA,NA,NA,NA,NA,NA,NA,NA,NA,NA,NA
NA,NA,"Plantae","Tracheophyta","Polypodiopsida","Polypodiales","Polypodiaceae","Serpocaulon","subandinum",NA,"Serpocaulon subandinum",NA,NA,NA,NA,NA,NA,NA,NA,NA,NA,NA,NA,NA,NA,NA,NA,NA,NA,NA,NA,NA,NA,NA,NA,NA,NA,NA,NA,NA,NA,NA,NA,NA,NA,NA,NA,NA,238241,152,29,32,52.7,63,26,"NO","YES","El 63% de parches de hábitat donde se encuentra la especie son pequeños y aislados. Estos parches se encuentran en el/los municipio(s) de Urrao (departamento de Antioquia), Belmira (departamento de Antioquia), Arcabuco (departamento de Boyacá), Samacá (departamento de Boyacá), Duitama (departamento de Boyacá), Villa de Leyva (departamento de Boyacá), Villamaría (departamento de Caldas), Salamina (departamento de Caldas), Manizales (departamento de Caldas), Puracé (departamento de Cauca), Popayán (departamento de Cauca), Bolívar (departamento de Cauca), Inzá (departamento de Cauca), Silvia (departamento de Cauca), Timbío (departamento de Cauca), Totoró (departamento de Cauca), Agustín Codazzi (departamento de Cesar), Bogotá D.C. (departamento de Bogotá D.C.), Sibaté (departamento de Cundinamarca), Suesca (departamento de Cundinamarca), Subachoque (departamento de Cundinamarca), Santa Marta (departamento de Magdalena), San Juan de Pasto (departamento de Nariño), Herrán (departamento de Norte de Santander), Salento (departamento de Quindío), Santuario (departamento de Risaralda), Cajamarca (departamento de Tolima), Ibagué (departamento de Tolima).","NO",NA,"Inferred","NO",NA,"Inferred","La especie tiene registradas hasta el momento 29 subpoblaciones. No se conoce nada sobre la abundancia o tendencia poblacional de la especie.","Se conocen 29 subpoblaciones. Del total conocido, 3 de 29 subpoblaciones (10.3%) presentan expansión urbana; 10 de 29 subpoblaciones (34.5%) presentan actividades agrícolas; 4 de 29 subpoblaciones (13.8%) presentan actividades ganaderas; 1 de 29 subpoblaciones (3.4%) coinciden con títulos mineros activos; 10 de 29 subpoblaciones (34.5%) presentan influencia de infraestructura vial. Estas actividades generan pérdida, degradación y fragmentación del hábitat, reduciendo la calidad del ambiente disponible para la especie en diferentes sectores de su distribución conocida.","1.1, 2.1.4, 2.3.4, 3.2, 4.1","Ongoing, Ongoing, Ongoing, Ongoing, Ongoing","Minority (<50%), Minority (<50%), Minority (<50%), Minority (<50%), Minority (<50%)","Very rapid declines, Very rapid declines, Very rapid declines, Very rapid declines, Very rapid declines","1.1 | 1.2 | 2.1 | 2.2 // 1.1 | 1.2 | 2.1 | 2.2 // 1.1 | 1.2 | 2.1 | 2.2 // 1.1 | 1.2 | 2.1 | 2.2 // 1.1 | 1.2 | 2.1 | 2.2",TRUE,FALSE,"Stable","Inferred",NA,"YES","Bosque Oriental de Bogotá; Cuenca Hidrográfica del Río Pamplonita; Cuenca Hidrográfica del Río San Jorge; Cuenca Hidrográfica Río Juanambú; De la Cuenca Alta del Río  Quindío de Salento; De Urrao; Laguna La Cocha Cerro Patascoy; Las Cuencas Hidrográficas del Río Blanco y Quebrada Olivares; Los Bosques de la Chec; Páramo de Rabanal; Puracé; Río Bobo y Buesaquillo; Sierra Nevada de Santa Marta; Sistema de Paramos y Bosques Altoandinos del Noroccidente Medio Antioqueño; Tatamá","Unknown","N/A","N/A","N/A",NA,NA,NA,NA,NA,NA,NA,NA,NA,NA,NA,NA,NA,NA,NA,NA,NA,NA,NA,NA,NA,NA,NA,NA,NA
NA,NA,"Plantae","Tracheophyta","Polypodiopsida","Polypodiales","Polypodiaceae","Serpocaulon","tayronae",NA,"Serpocaulon tayronae",NA,NA,NA,NA,NA,NA,NA,NA,NA,NA,NA,NA,NA,NA,NA,NA,NA,NA,NA,NA,NA,NA,NA,NA,NA,NA,NA,NA,NA,NA,NA,NA,NA,NA,NA,NA,NA,0.373,8,2,1,33.3,NA,30,"NO","Unknown",NA,"YES","Dos subpoblaciones de la especie se encuentran en paisajes con destrucción y degradación de su hábitat. Estas subpoblaciones se encuentran en el/los municipio(s) de Santa Marta (departamento de Magdalena).","Inferred","NO",NA,"Inferred","La especie tiene registradas hasta el momento dos subpoblaciones. No se conoce nada sobre la abundancia o tendencia poblacional de la especie.","Las subpoblaciones conocidas de la especie se encuentran en hábitats con baja evidencia de perturbación antrópica según las capas espaciales evaluadas.","N/A","N/A","N/A","N/A","N/A",FALSE,FALSE,"Decreasing","Inferred",NA,"YES","Las Nubes","Unknown","N/A","N/A","N/A",NA,NA,NA,NA,NA,NA,NA,NA,NA,NA,NA,NA,NA,NA,NA,NA,NA,NA,NA,NA,NA,NA,NA,NA,NA
NA,NA,"Plantae","Tracheophyta","Polypodiopsida","Polypodiales","Polypodiaceae","Serpocaulon","triseriale",NA,"Serpocaulon triseriale",NA,NA,NA,NA,NA,NA,NA,NA,NA,NA,NA,NA,NA,NA,NA,NA,NA,NA,NA,NA,NA,NA,NA,NA,NA,NA,NA,NA,NA,NA,NA,NA,NA,NA,NA,NA,NA,992143,360,76,82,51.3,70,10,"NO","YES","El 70% de parches de hábitat donde se encuentra la especie son pequeños y aislados. Estos parches se encuentran en el/los municipio(s) de Solano (departamento de Caquetá), Leticia (departamento de Amazonas), San Luís (departamento de Antioquia), Medellín (departamento de Antioquia), Anorí (departamento de Antioquia), Barbosa (departamento de Antioquia), Caldas (departamento de Antioquia), Andes (departamento de Antioquia), Cocorná (departamento de Antioquia), Briceño (departamento de Boyacá), Sáchica (departamento de Boyacá), Villa de Leyva (departamento de Boyacá), Riosucio (departamento de Caldas), Manizales (departamento de Caldas), Santa Rosa de Cabal (departamento de Risaralda), Neira (departamento de Caldas), Villamaría (departamento de Caldas), Risaralda (departamento de Caldas), Belén de los Andaquies (departamento de Caquetá), Rosas (departamento de Cauca), Guapí (departamento de Cauca), Popayán (departamento de Cauca), El Tambo (departamento de Cauca), Bolívar (departamento de Cauca), Bajo Baudó (departamento de Chocó), Quibdó (departamento de Chocó), Buenaventura (departamento de Valle del Cauca), Medio San Juan (departamento de Chocó), Atrato (departamento de Chocó), Bahía Solano (departamento de Chocó), Nuquí (departamento de Chocó), Unión Panamericana (departamento de Chocó), San José del Palmar (departamento de Chocó), Gachetá (departamento de Cundinamarca), Tibacuy (departamento de Cundinamarca), Yacopí (departamento de Cundinamarca), Albán (departamento de Cundinamarca), Puerto Colombia (departamento de Guainía), San José del Guaviare (departamento de Guaviare), Pitalito (departamento de Huila), Colombia (departamento de Huila), Neiva (departamento de Huila), Ciénaga (departamento de Magdalena), Vista Hermosa (departamento de Meta), San Martín (departamento de Meta), La Macarena (departamento de Meta), Villavicencio (departamento de Meta), Cumaral (departamento de Meta), Piamonte (departamento de Cauca), San Miguel de Mocoa (departamento de Putumayo), La Tebaida (departamento de Quindío), Filandia (departamento de Quindío), Circasia (departamento de Quindío), Calarcá (departamento de Quindío), Montenegro (departamento de Quindío), Pereira (departamento de Risaralda), Charalá (departamento de Santander), Villarrica (departamento de Tolima), Ibagué (departamento de Tolima), Alcalá (departamento de Valle del Cauca), Calima (departamento de Valle del Cauca), Santiago de Cali (departamento de Valle del Cauca), La Cumbre (departamento de Valle del Cauca), Pacoa (departamento de Vaupés), Santa Rosalía (departamento de Vichada).","NO",NA,"Inferred","NO",NA,"Inferred","La especie tiene registradas hasta el momento 76 subpoblaciones. No se conoce nada sobre la abundancia o tendencia poblacional de la especie.","Se conocen 76 subpoblaciones. Del total conocido, 14 de 76 subpoblaciones (18.4%) presentan expansión urbana; 18 de 76 subpoblaciones (23.7%) presentan actividades agrícolas; 12 de 76 subpoblaciones (15.8%) presentan actividades ganaderas; 6 de 76 subpoblaciones (7.9%) coinciden con áreas de exploración y explotación de hidrocarburos; 4 de 76 subpoblaciones (5.3%) coinciden con títulos mineros activos; 26 de 76 subpoblaciones (34.2%) presentan influencia de infraestructura vial. Estas actividades generan pérdida, degradación y fragmentación del hábitat, reduciendo la calidad del ambiente disponible para la especie en diferentes sectores de su distribución conocida.","1.1, 2.1.4, 2.3.4, 3.1, 3.2, 4.1","Ongoing, Ongoing, Ongoing, Ongoing, Ongoing, Ongoing","Minority (<50%), Minority (<50%), Minority (<50%), Minority (<50%), Minority (<50%), Minority (<50%)","Very rapid declines, Very rapid declines, Very rapid declines, Very rapid declines, Very rapid declines, Very rapid declines","1.1 | 1.2 | 2.1 | 2.2 // 1.1 | 1.2 | 2.1 | 2.2 // 1.1 | 1.2 | 2.1 | 2.2 // 1.1 | 1.2 | 2.1 | 2.2 // 1.1 | 1.2 | 2.1 | 2.2 // 1.1 | 1.2 | 2.1 | 2.2",TRUE,FALSE,"Stable","Inferred",NA,"YES","Alto Calima; Amacayacu; Bajo Cauca Nechí; Barbas Bremen; Cañón de Río Grande; Chiribiquete National Park – “The Maloca of the Jaguar”; Cuenca Hidrográfica de Río Samaná Norte; Cuenca Hidrografica del Rìo Carare-Minero; Cuenca Hidrográfica del Río La Vieja con POMCA; Cuenca Hidrográfica del Río San Jorge; Cuenca Hidrográfica Del Río San Juan; Distrito de Conservación de Suelos y Aguas del Caquetá; Divisoria Valle de Aburra Rio Cauca; Encanto de los Manglares del Bajo Baudó; Iguaque; La Serranía de Chiribiquete; Otún Quimbaya; Río Anchicayá; Serranía de Peñas Blancas; Serranía La Lindosa - Angosturas II; Sierra de la Macarena; Unidad Ambiental Costera Complejo Malaga  Buenaventura; Utria","Unknown","N/A","N/A","N/A",NA,NA,NA,NA,NA,NA,NA,NA,NA,NA,NA,NA,NA,NA,NA,NA,NA,NA,NA,NA,NA,NA,NA,NA,NA
NA,NA,"Plantae","Tracheophyta","Polypodiopsida","Polypodiales","Polypodiaceae","Serpocaulon","wagneri",NA,"Serpocaulon wagneri",NA,NA,NA,NA,NA,NA,NA,NA,NA,NA,NA,NA,NA,NA,NA,NA,NA,NA,NA,NA,NA,NA,NA,NA,NA,NA,NA,NA,NA,NA,NA,NA,NA,NA,NA,NA,NA,91865,28,6,6,14.3,53,18,"NO","YES","El 53% de parches de hábitat donde se encuentra la especie son pequeños y aislados. Estos parches se encuentran en el/los municipio(s) de Cáceres (departamento de Antioquia), Mutatá (departamento de Antioquia), Ubalá (departamento de Cundinamarca), Ocaña (departamento de Norte de Santander), Unguía (departamento de Chocó), San Pablo (departamento de Bolívar).","NO",NA,"Inferred","NO",NA,"Inferred","La especie tiene registradas hasta el momento seis subpoblaciones. No se conoce nada sobre la abundancia o tendencia poblacional de la especie.","Se conocen 6 subpoblaciones. Del total conocido, 2 de 6 subpoblaciones (33.3%) presentan actividades agrícolas; 1 de 6 subpoblaciones (16.7%) presentan actividades ganaderas; 1 de 6 subpoblaciones (16.7%) coinciden con áreas de exploración y explotación de hidrocarburos. Estas actividades generan pérdida, degradación y fragmentación del hábitat, reduciendo la calidad del ambiente disponible para la especie en diferentes sectores de su distribución conocida.","2.1.4, 2.3.4, 3.1","Ongoing, Ongoing, Ongoing","Minority (<50%), Minority (<50%), Minority (<50%)","Very rapid declines, Very rapid declines, Very rapid declines","1.1 | 1.2 | 2.1 | 2.2 // 1.1 | 1.2 | 2.1 | 2.2 // 1.1 | 1.2 | 2.1 | 2.2",TRUE,FALSE,"Stable","Inferred",NA,"YES","Cuenca Hidrográfica Rio Algodonal","Unknown","N/A","N/A","N/A",NA,NA,NA,NA,NA,NA,NA,NA,NA,NA,NA,NA,NA,NA,NA,NA,NA,NA,NA,NA,NA,NA,NA,NA,NA
